Fitur,Tingkat_Kepentingan
Jumlah_Keluhan,0.9226841039033881
Kilometer,0.02513029677173467
KM_Terakhir_Ganti_Oli,0.01707300965225099
Kondisi_Oli,0.011477322288570476
KM_Per_Tahun,0.010348144769807667
Kode Unit Motor,0.006633998568627576
Bulan_Terakhir_Ganti_Oli,0.0035236371229929496
Tahun Kendaraan,0.002040851764125678
Usia_Kendaraan,0.0010222288589166186
Kondisi_Rem,6.640629958530406e-05
