Fitur,Tingkat_Kepentingan
Jumlah_Keluhan,0.9226841039033881
Kilometer,0.02513029677173468
KM_Terakhir_Ganti_Oli,0.01707300965225099
Kondisi_Oli,0.01147732228857048
KM_Per_Tahun,0.010348144769807676
Kode Unit Motor,0.006633998568627575
Bulan_Terakhir_Ganti_Oli,0.003523637122992946
Tahun Kendaraan,0.0020408517641256774
Usia_Kendaraan,0.0010222288589166184
Kondisi_Rem,6.640629958530409e-05
