Class,Precision,Recall,F1-Score,Support
repair,0.9515151515151515,0.9498703543647364,0.9506920415224913,1157.0
rutin,0.9119878603945372,0.9147640791476408,0.9133738601823708,657.0
